-- phpMyAdmin SQL Dump
-- version 4.1.11
-- http://www.phpmyadmin.net
--
-- Servidor: hl353.dinaserver.com
-- Tiempo de generación: 02-10-2018 a las 10:15:14
-- Versión del servidor: 5.5.60-0+deb8u1-log
-- Versión de PHP: 5.4.45-0+deb7u14

SET SQL_MODE = "NO_AUTO_VALUE_ON_ZERO";
SET time_zone = "+00:00";


/*!40101 SET @OLD_CHARACTER_SET_CLIENT=@@CHARACTER_SET_CLIENT */;
/*!40101 SET @OLD_CHARACTER_SET_RESULTS=@@CHARACTER_SET_RESULTS */;
/*!40101 SET @OLD_COLLATION_CONNECTION=@@COLLATION_CONNECTION */;
/*!40101 SET NAMES utf8 */;

--
-- Base de datos: `appdb`
--

-- --------------------------------------------------------

--
-- Estructura de tabla para la tabla `addp`
--

CREATE TABLE IF NOT EXISTS `addp` (
  `id_add` int(255) NOT NULL AUTO_INCREMENT,
  `product_name` varchar(80) COLLATE utf8_unicode_ci NOT NULL,
  `brand` varchar(50) COLLATE utf8_unicode_ci NOT NULL,
  `size` varchar(10) COLLATE utf8_unicode_ci NOT NULL,
  `barcode` bigint(255) NOT NULL,
  `user` varchar(65) COLLATE utf8_unicode_ci DEFAULT NULL,
  UNIQUE KEY `id_add` (`id_add`),
  KEY `id_add_2` (`id_add`)
) ENGINE=InnoDB  DEFAULT CHARSET=utf8 COLLATE=utf8_unicode_ci AUTO_INCREMENT=43 ;

--
-- Volcado de datos para la tabla `addp`
--

INSERT INTO `addp` (`id_add`, `product_name`, `brand`, `size`, `barcode`, `user`) VALUES
(16, 'Gel-campú', 'Deliplus', '250ml', 8480000452047, 'admin@admin.com'),
(17, 'Limpiador para mopas', 'Bosque verde', '750ml', 8480000443106, 'admin@admin.com'),
(18, 'Spray bucal', 'Deliplus', '6ml', 8480000457820, 'admin@admin.com'),
(20, 'Café Expresso Intenso', 'Marcilla', '10 Cápsula', 8711000371015, 'admin@admin.com'),
(22, 'Café Extra Intenso en cápsulas', 'Spar', '10', 8480013135036, 'admin@admin.com'),
(23, 'Papel higiénico Ultra Suave', 'Colhogar', '12 Rollos', 7322540892352, 'admin@admin.com'),
(24, 'Agua Mineral Muy Débil', 'Bezoya', '1,5 Litros', 8410128000400, 'admin@admin.com'),
(26, 'Jabón de manos aloe vera', 'Nevina', '500ml', 8410236008626, 'admin@admin.com'),
(27, 'Patata Snack', 'La Llanura', '176g', 8480000335982, 'admin@admin.com'),
(29, 'Cacao', 'Liposan', '4,8g/5,5ml', 4005900198280, 'admin@admin.com'),
(30, 'Agua', 'Ballanes', '500ml', 8413334015213, 'admin@admin.com'),
(31, 'Toallitas', 'Dia', '80', 8480017535122, 'admin@admin.com'),
(34, 'Nestea al limon sin azucares', 'Nestea', '1,5L', 10485781, 'admin@admin.com'),
(35, 'Conguitos', 'La casa', '90 g', 8410556002052, 'admin@admin.com'),
(36, 'Llaminadures', 'Bonpreu', '150g', 8422410272358, 'admin@admin.com'),
(37, 'M', 'Mars chocolat', '220 g', 5000159471510, 'admin@admin.com'),
(38, 'Skittles fruits', 'Jdjx', '174 g', 4009900455299, 'admin@admin.com'),
(39, 'Lacasitos de chocolate', 'Lacasa', '190 g', 8410740006262, 'admin@admin.com'),
(40, 'Conguitos', 'Lacasa', '90g', 8410556002052, 'admin@admin.com'),
(41, 'Lata de coca cola', 'Coca Cola', '33cl', 5449000214911, 'admin@admin.com'),
(42, 'Example', 'Exapdzh', 'Dudjd', 5901234123457, 'admin@admin.com');

-- --------------------------------------------------------

--
-- Estructura de tabla para la tabla `brands`
--

CREATE TABLE IF NOT EXISTS `brands` (
  `brand_id` int(255) NOT NULL AUTO_INCREMENT,
  `brand_name` varchar(50) COLLATE utf8_unicode_ci NOT NULL,
  PRIMARY KEY (`brand_id`),
  UNIQUE KEY `brand_id` (`brand_id`,`brand_name`)
) ENGINE=InnoDB  DEFAULT CHARSET=utf8 COLLATE=utf8_unicode_ci AUTO_INCREMENT=1006 ;

--
-- Volcado de datos para la tabla `brands`
--

INSERT INTO `brands` (`brand_id`, `brand_name`) VALUES
(1, 'BonArea'),
(2, 'Hacendado'),
(3, 'Carrefour'),
(4, 'Kania'),
(5, 'Freeway'),
(6, 'Pepsi'),
(7, 'Coca Cola'),
(8, 'FritRavich'),
(9, 'ATO'),
(10, 'Cacaolat'),
(11, 'SanMiguel'),
(12, 'KH-7'),
(13, 'ElCorteInglés'),
(14, 'Azucarera'),
(15, 'Gallina Blanca'),
(16, 'ColaCao'),
(17, 'Sal Costa'),
(18, 'CaoBon'),
(19, 'Trident'),
(20, 'Bronchales'),
(21, 'Viladrau'),
(22, 'Don Palillo'),
(23, 'Spar'),
(24, 'Carbonell'),
(25, 'Pascual'),
(26, 'Llet Nostra'),
(27, 'YOSOY'),
(28, 'ViveSoy'),
(29, 'Nespresso'),
(30, 'L''or'),
(31, 'Bellarom'),
(32, 'NesCafé'),
(33, 'Nutella'),
(34, 'Cudié'),
(35, 'BonaVianda'),
(36, 'Deluxe'),
(37, 'Ferrero Rocher'),
(38, 'ARTIACH'),
(39, 'Nestlé'),
(40, 'Moser Roth'),
(41, 'J.D. Gross'),
(42, 'Suchard'),
(43, 'MAGNETIC'),
(44, 'merci'),
(45, 'Briiggen'),
(46, 'Crownfield'),
(47, 'Harrisons'),
(48, 'Cuétara'),
(49, 'Kellogg''s'),
(50, 'Weetabix'),
(51, 'Alpen'),
(52, 'VIRGINIAS'),
(53, 'Maurinus'),
(54, 'AfterEight'),
(55, 'Milka'),
(56, 'gullón'),
(57, 'Puleva'),
(58, 'Oquendo'),
(59, 'Susaron'),
(60, 'Hornimans'),
(61, 'YogiTea'),
(62, 'Tisana del PapaLuna'),
(63, 'natreen'),
(64, 'ROYAL'),
(65, 'granini'),
(66, 'Teichenné'),
(67, 'FONTASOL'),
(68, 'GALLO'),
(69, 'Fanta'),
(70, 'Aquarius'),
(71, 'Font Agudes'),
(72, 'Marqués de Cáceres'),
(73, 'Goya'),
(74, 'Juver'),
(75, 'Zumosol'),
(76, 'Heinz'),
(77, 'Veri'),
(78, 'La Cestera'),
(79, 'SnackDay'),
(80, 'Jumpers'),
(666, 'Sergio'),
(687, 'Prima'),
(1000, ''),
(1001, 'Nesquik'),
(1002, 'Fritoper'),
(1003, 'Xiaomi'),
(1004, 'Colhogar'),
(1005, 'Sanex');

-- --------------------------------------------------------

--
-- Estructura de tabla para la tabla `list`
--

CREATE TABLE IF NOT EXISTS `list` (
  `id_list` int(255) NOT NULL AUTO_INCREMENT,
  `user` int(255) NOT NULL,
  `product` int(255) NOT NULL,
  `quantity` int(5) NOT NULL,
  PRIMARY KEY (`id_list`),
  UNIQUE KEY `id_list` (`id_list`)
) ENGINE=InnoDB  DEFAULT CHARSET=utf8 COLLATE=utf8_unicode_ci AUTO_INCREMENT=182 ;

--
-- Volcado de datos para la tabla `list`
--

INSERT INTO `list` (`id_list`, `user`, `product`, `quantity`) VALUES
(40, 1, 29, 1),
(65, 1, 31, 2),
(66, 1, 4, 2),
(67, 1, 67, 1),
(68, 1, 23, 7),
(76, 1, 103, 1),
(97, 1,1, 1),
(98, 1,13, 1),
(99, 1,3, 1),
(101,1, 3, 7),
(102,1, 1, 1),
(107,1, 128, 1),
(112,1, 3, 1),
(113,1, 1, 1),
(114,1, 4, 1),
(115,1, 62, 1),
(116,1, 32, 1),
(117,1, 25, 4),
(122,1, 11, 1),
(123,1, 23, 1),
(124,1, 65, 2),
(125,1, 29, 1),
(126,1, 3, 1),
(127,1, 10, 1),
(128,1, 12, 1),
(134,1, 126, 1),
(136,1, 124, 1),
(138,1, 122, 1),
(139,1, 123, 5),
(142,1, 129, 1),
(143,1, 130, 1),
(144,1, 3, 1),
(145,1, 3, 1),
(152,1, 31, 1),
(154,1, 66, 1),
(155,1, 16, 1),
(157,1, 75, 1),
(166,1, 65, 2),
(167,1, 148, 1),
(171,1, 31, 1),
(172,1, 108, 1),
(173,1, 106, 2),
(174,1, 24, 2),
(175,1, 152, 1),
(176,1, 94, 1),
(177,1, 1, 2),
(178,1, 27, 2),
(179,1, 25, 1),
(180,1, 7, 1);

-- --------------------------------------------------------

--
-- Estructura de tabla para la tabla `products`
--

CREATE TABLE IF NOT EXISTS `products` (
  `id_product` int(255) NOT NULL AUTO_INCREMENT,
  `product_name` text COLLATE utf8_unicode_ci NOT NULL,
  `product_name_cat` text COLLATE utf8_unicode_ci NOT NULL,
  `product_brand` int(255) NOT NULL,
  `product_size` varchar(20) COLLATE utf8_unicode_ci NOT NULL,
  `product_size_cat` varchar(20) COLLATE utf8_unicode_ci NOT NULL,
  `product_price` decimal(5,2) NOT NULL,
  `product_image` varchar(255) COLLATE utf8_unicode_ci NOT NULL,
  `product_barcode` bigint(255) NOT NULL,
  PRIMARY KEY (`id_product`),
  UNIQUE KEY `id_product` (`id_product`),
  UNIQUE KEY `product_barcode` (`product_barcode`)
) ENGINE=InnoDB  DEFAULT CHARSET=utf8 COLLATE=utf8_unicode_ci AUTO_INCREMENT=153 ;

--
-- Volcado de datos para la tabla `products`
--

INSERT INTO `products` (`id_product`, `product_name`, `product_name_cat`, `product_brand`, `product_size`, `product_size_cat`, `product_price`, `product_image`, `product_barcode`) VALUES
(1, 'Agua', 'Aigua', 1, '1.5 Litros', '1.5 Litres', 0.21, 'https://myshoppinglist.cat/app/images/8413585015758.png', 8413585015758),
(3, 'Leche Entera', 'Llet sencera', 2, '1 Litro', '1 Litre', 0.50, 'https://myshoppinglist.cat/app/images/15255238.png', 4569473),
(4, 'Café Expresso Extrafuerte', 'Expresso Extrafort', 3, '30 Cápsulas', '30 Càpsules', 5.20, 'https://myshoppinglist.cat/app/images/8431876242577.png', 8431876242577),
(5, 'Ciclamato y Sacarina', 'Ciclamat i Sacarina', 2, '150ml', '150ml', 0.90, 'https://myshoppinglist.cat/app/images/8480000198136.png', 8480000198136),
(6, 'Kétchup', 'Ketchup', 4, '500ml', '500ml', 0.00, 'https://myshoppinglist.cat/app/images/20422417.png', 20422417),
(7, 'Freeway Cola 0%', 'Freeway Cola 0%', 5, '2 Litros', '2 Litres', 0.61, 'https://myshoppinglist.cat/app/images/20229108.png', 20229108),
(8, 'Lata Pepsi Light', 'Llauna Pepsi Light', 6, '330ml', '330ml', 0.44, 'https://myshoppinglist.cat/app/images/40608143.png', 40608143),
(9, 'TOP CORN Palomitas de colores', 'TOP CORN - Crispetes de colors', 8, '110g', '110g', 0.90, 'https://myshoppinglist.cat/app/images/8410564029188.png', 8410564029188),
(10, 'Nata Montada Spray', 'Nata Muntada Spray', 9, '250ml', '250ml', 2.00, 'https://myshoppinglist.cat/app/images/8410135003142.png', 8410135003142),
(11, 'Cacaolat Pack 4x6', 'Cacaolat Pack 4x6', 10, '200ml', '200ml', 0.00, 'https://myshoppinglist.cat/app/images/84127730.png', 84127730),
(12, 'Néctar de naranja', 'Nèctar de taronja', 1, '200ml x 3', '200ml x 3', 0.63, 'https://myshoppinglist.cat/app/images/81413585015413.png', 81413585015413),
(13, 'Lata Cerveza SanMiguel', 'Llauna Cervesa', 11, '33ml', '33ml', 0.52, 'https://myshoppinglist.cat/app/images/8410655000010.png', 8410655000010),
(14, 'Leche Entera', 'Llet sencera', 1, '1 Litro', '1 Litre', 0.60, 'https://myshoppinglist.cat/app/images/8413585011835.png', 8413585011835),
(15, 'Desengrasante KH7', 'Desengrasant KH7', 12, '750ml', '750ml', 3.13, 'https://myshoppinglist.cat/app/images/8420822020253.png', 8420822020253),
(16, 'Palomitas de Mantequilla para Microondas', 'Crispetes de mantega per a microones', 13, '100g x 3', '100g x 3', 1.53, 'https://myshoppinglist.cat/app/images/8433329075077.png', 8433329075077),
(17, 'Azúcar Moreno', 'Sucre morè', 14, '800g', '800g', 1.72, 'https://myshoppinglist.cat/app/images/8410714107483.png', 8410714107483),
(18, 'Sopinstant crema de champiñones con picatostes', 'Sopinstant crema de xampinyons amb crostons', 15, '57g x 3', '57g x 3', 1.08, 'https://myshoppinglist.cat/app/images/8410300100751.png', 8410300100751),
(20, 'ColaCao Original en sobres', 'ColaCao Original en sobres', 16, '108g x 6', '108g x 6', 1.53, 'https://myshoppinglist.cat/app/images/8410014020277.png', 8410014020277),
(21, 'Sal Marina', 'Sal Marina', 17, '250g', '250g', 0.00, 'https://myshoppinglist.cat/app/images/8410604118353.png', 8410604118353),
(22, 'Cacao Polvo a la taza', 'Cacau Pols a la tassa', 18, '400g', '400g', 1.25, 'https://myshoppinglist.cat/app/images/3173286792666.png', 3173286792666),
(23, 'Trident Sabor a menta', 'Trident Sabor a menta', 19, '14.5g', '14.5g', 1.00, 'https://myshoppinglist.cat/app/images/7622210346674.png', 7622210346674),
(24, 'Agua mineral natural', 'Aigua mineral natural', 20, '2 Litros', '2 Litres', 0.39, 'https://myshoppinglist.cat/app/images/8437008459042.png', 8437008459042),
(25, 'Agua mineral natural', 'Aigua mineral natural', 21, '50 cl', '50cl', 0.00, 'https://myshoppinglist.cat/app/images/8411002101503.png', 8411002101503),
(26, 'Palillos dentales (Escarbadientes)', 'Escuradents', 22, '120 unidades', '120 unitats', 0.00, 'https://myshoppinglist.cat/app/images/8428376000011.png', 8428376000011),
(27, 'Agua mineral natural', 'Aigua mineral natural', 23, '8 Litros', '8 Litres', 0.00, 'https://myshoppinglist.cat/app/images/8480013231448.png', 8480013231448),
(28, 'Fósforos', 'Llumins', 23, '120 unidades', '120 unitats', 0.00, 'https://myshoppinglist.cat/app/images/8480013820017.png', 8480013820017),
(29, 'Aceite de oliva virgen extra', 'Oli d''oliva verge extra', 24, '1 Litro', '1 Litre', 5.96, 'https://myshoppinglist.cat/app/images/8410010260042.png', 8410010260042),
(30, 'Leche Desnatada', 'Llet desnatada', 26, '1 Litro', '1 Litre', 0.89, 'https://myshoppinglist.cat/app/images/8437004314055.png', 8437004314055),
(31, 'Leche Semidesnatada', 'Llet Semidesnatada', 26, '1 Litro', '1 Litre', 0.89, 'https://myshoppinglist.cat/app/images/8437004314031.png', 8437004314031),
(32, 'Leche 0% mg', 'Llet 0% mg', 25, '1 Litro', '1 Litre', 1.37, 'https://myshoppinglist.cat/app/images/8410128010225.png', 8410128010225),
(33, 'Bebida de avena', 'Beguda d''avena', 27, '1 Litro', '1 Litre', 0.00, 'https://myshoppinglist.cat/app/images/8423352100143.png', 8423352100143),
(34, 'Bebida de soja Ligera', 'Beguda de soja Lleugera', 28, '1 Litro', '1 Litre', 0.00, 'https://myshoppinglist.cat/app/images/4810128660031.png', 8410128660031),
(35, 'Zumo de naranja con soja', 'Suc de taronja amb soja', 28, '1 Litro', '1 Litre', 3.39, 'https://myshoppinglist.cat/app/images/8410128650018.png', 8410128650018),
(36, 'Bebida de avena calcium', 'Beguda de civada calcium', 27, '1 Litro', '1 Litre', 3.40, 'https://myshoppinglist.cat/app/images/8423352100150.png', 8423352100150),
(37, 'Espresso Leggero', 'Espresso Leggero', 29, '50 cápsulas', '50 Càpsules', 1.36, 'https://myshoppinglist.cat/app/images/7630039615758.png', 7630039615758),
(38, 'Lungo Forte', 'Lungo Forte', 29, '50 cápsulas', '50 Càpsules', 0.00, 'https://myshoppinglist.cat/app/images/7630039615789.png', 7630039615789),
(39, 'Ristretto', 'Ristretto', 30, '10 cápsulas', '10 Càpsules', 0.00, 'https://myshoppinglist.cat/app/images/8711000357576.png', 8711000357576),
(40, 'Café ONYX', 'Café ONYX', 30, '10 cápsulas', '10 Càpsules', 0.00, 'https://myshoppinglist.cat/app/images/8711000357583.png', 8711000357583),
(41, 'Leche sin lactosa desnatada', 'Llet sense lactosa desnatada', 25, '1 Litro', '1 Litre', 0.00, 'https://myshoppinglist.cat/app/images/8410128750046.png', 8410128750046),
(42, 'Ristretto', 'Ristretto', 29, '50 cápsulas', '50 Càpsules', 0.00, 'https://myshoppinglist.cat/app/images/7630030310645.png', 7630030310645),
(43, 'Espresso Decaffeinato', 'Espresso Descaffeinato', 29, '50 cápsulas', '50 Càpsules', 0.00, 'https://myshoppinglist.cat/app/images/7630030310720.png', 7630030310720),
(44, 'Ristretto Espresso', 'Ristretto Espresso', 31, '10 cápsulas', '10 Càpsules', 0.00, 'https://myshoppinglist.cat/app/images/20514648.png', 20514648),
(45, 'Roma', 'Roma', 29, '10 cápsulas', '10 Càpsules', 0.00, 'https://myshoppinglist.cat/app/images/7630030359187.png', 7630030359187),
(46, 'Decaffeinato Intenso', 'Descaffeinato Intenso', 29, '10 cápsulas', '10 Càpsules', 0.00, 'https://myshoppinglist.cat/app/images/7630030359422.png', 7630030359422),
(47, 'Arpeggio', 'Arpeggio', 29, '10 cápsulas', '10 Càpsules', 0.00, 'https://myshoppinglist.cat/app/images/7630030359125.png', 7630030359125),
(48, 'Fortissio Lungo', 'Fortissio Lungo', 29, '10 cápsulas', '10 Càpsules', 0.00, 'https://myshoppinglist.cat/app/images/7630030359408.png', 7630030359408),
(49, 'Indriya from India', 'Indriya from India', 29, '10 cápsulas', '10 Càpsules', 0.00, 'https://myshoppinglist.cat/app/images/7630030359224.png', 7630030359224),
(50, 'Rosabaya de Colombia', 'Rosabaya de Colòmbia', 29, '10 cápsulas', '10 Càpsules', 0.00, 'https://myshoppinglist.cat/app/images/7630030359248.png', 7630030359248),
(51, 'Linizio Lungo', 'Linizio Lungo', 29, '10 cápsulas', '10 Càpsules', 0.00, 'https://myshoppinglist.cat/app/images/7630030359309.png', 7630030359309),
(52, 'DolceGusto Expresso Intenso', 'Dolce Gusto Espresso Intens', 32, '16 cápsulas', '16 Càpsules', 4.42, 'https://myshoppinglist.cat/app/images/7613031526406.png', 7613031526406),
(53, 'DolceGusto Café con leche', 'DolceGusto Café amb llet', 32, '16 cápsulas', '16 Càpsules', 4.41, 'https://myshoppinglist.cat/app/images/7613033174667.png', 7613033174667),
(54, 'DolceGusto Cortado', 'DolceGusto Tallat', 32, '16 cápsulas', '16 Càpsules', 4.41, 'https://myshoppinglist.cat/app/images/7613032396350.png', 7613032396350),
(55, 'Cereales Eko Natural', 'Cereals Eko Natural', 39, '150g', '150g', 2.32, 'https://myshoppinglist.cat/app/images/8410100022154.png', 8410100022154),
(56, 'Ristretto', 'Ristretto', 58, '20 cápsulas', '20 Càpsules', 0.00, 'https://myshoppinglist.cat/app/images/8412956013966.png', 8412956013966),
(57, 'Té Sanatens', 'Té Sanatens', 59, '20 cápsulas', '20 Càpsules', 2.15, 'https://myshoppinglist.cat/app/images/8413630000784.png', 8413630000784),
(58, 'Té Chai', 'Té Chai', 60, '20 cápsulas', '20 Càpsules', 2.11, 'https://myshoppinglist.cat/app/images/8410091108905.png', 8410091108905),
(59, 'Zumo Detox', 'Suc Detox', 61, '17 cápsulas', '17 Càpsules', 0.00, 'https://myshoppinglist.cat/app/images/4012824401280.png', 4012824401280),
(60, 'Infusión', 'Infusió', 62, '20 dosis', '20 dosis', 0.00, 'https://myshoppinglist.cat/app/images/8422051023401.png', 8422051023401),
(61, 'stevia', 'stevia', 63, '50 sobres', '50 sobres', 2.28, 'https://myshoppinglist.cat/app/images/8410091056176.png', 8410091056176),
(62, 'Levadura en polvo', 'Llevadura en pols', 64, '96g', '96g', 2.19, 'https://myshoppinglist.cat/app/images/84100054.png', 84100054),
(63, 'Galletas Dinosaurus', 'Galetas Dinosaurus', 38, '10 bolsas', '10 bosses', 2.28, 'https://myshoppinglist.cat/app/images/8410180225087.png', 8410180225087),
(64, 'Cereales Dinosaurus', 'Cereals Dinosaurus', 38, '350g', '350g', 2.08, 'https://myshoppinglist.cat/app/images/8436048437348', 8436048437348),
(65, 'Barra de Pan', 'Barra de Pa', 1000, '', '', 0.00, 'https://myshoppinglist.cat/app/images/generico_pan.png', -1),
(66, 'Vino Blanco', 'Vi Blanc', 3, '0', '0', 0.00, 'https://myshoppinglist.cat/app/images/4431876114676.png', 4431876114676),
(67, 'Lata de Coca Cola', 'Llauna de Coca Cola', 33, '33cl', '0.60', 0.63, 'https://myshoppinglist.cat/app/images/5449000000996.png', 5449000000996),
(68, 'Oatibix Avena Súper Suave', 'Oatibix Civada Súper Suau', 50, '0', '0', 0.00, 'https://myshoppinglist.cat/app/images/5010029222104.png', 5010029222104),
(69, 'Leche Entera Eco', 'Llet sencera Eco', 57, '1 Litro', '1 Litre', 1.34, 'https://myshoppinglist.cat/app/images/8411700603774.png', 8411700603774),
(70, 'Galletas digestive Oats choc', 'Galetas digestive Oats choc', 56, '0', '0', 1.51, 'https://myshoppinglist.cat/app/images/8410376026962.png', 8410376026962),
(71, 'Cereales Frutos Secos Granola Sin azúcar', 'Cereals Fruits Secs Granola Sense sucre', 49, '0', '0', 0.00, 'https://myshoppinglist.cat/app/images/3053827188531.png', 3053827188531),
(72, 'Pack Cacaolat', '', 10, '0', '0', 3.74, 'https://myshoppinglist.cat/app/images/8412700781479.png', 8412700781479),
(73, 'Nesquik Sabor a Fresa', 'Nesquik gust de Fresa', 1001, '0', '0', 0.00, 'https://myshoppinglist.cat/app/images/7613031513000.png', 7613031513000),
(74, 'Nesquik sabor a Platano', 'Nesquik gust de Plàtan', 1001, '0', '0', 0.00, 'https://myshoppinglist.cat/app/images/7613031513093.png', 7613031513093),
(75, 'Nesquik Cacao Instantáneo', 'Nesquik Cacau Instantani', 1001, '0', '0', 4.32, 'https://myshoppinglist.cat/app/images/8410100025131.png', 8410100025131),
(76, 'ColaCao Energy', 'ColaCao Energy', 16, '0', '0', 0.00, 'https://myshoppinglist.cat/app/images/8410128191702.png', 8410128191702),
(77, 'ColaCao Shake', 'ColaCao Shake', 16, '0', '0', 0.00, 'https://myshoppinglist.cat/app/images/841128168209.png', 841128168209),
(78, 'Botella Cacaolat', 'Ampolla Cacaolat', 10, '1 Litro', '1 Litre', 1.74, 'https://myshoppinglist.cat/app/images/8412700130468.png', 8412700130468),
(79, 'ColaCao Grande (Caja)', 'ColaCao Gran (Capsa)', 16, '0', '0', 14.09, 'https://myshoppinglist.cat/app/images/8410014228321.png', 8410014228321),
(80, 'Tableta de Chocolate con leche almendrada', 'Rajola de Xocolata amb llet d''ametlla', 55, '0', '0', 1.51, 'https://myshoppinglist.cat/app/images/8410172652600.png', 8410172652600),
(81, 'Chocolate con menta', 'Xocolata amb menta', 39, '0', '0', 0.00, 'https://myshoppinglist.cat/app/images/7613034938459.png', 7613034938459),
(82, 'Mints barritas de chocolate con crema de menta', 'Mints barretes de xocolata amb crema de menta', 53, '100g', '100g', 0.00, 'https://myshoppinglist.cat/app/images/24047555.png', 24047555),
(83, 'Barquillos Neula Tradicional', 'Neulas Tradicional', 52, '0', '0', 0.00, 'https://myshoppinglist.cat/app/images/8410196099009.png', 8410196099009),
(84, 'Turrón Coco Bombón', 'Torró Coco Bombó', 52, '0', '0', 0.00, 'https://myshoppinglist.cat/app/images/8410196085712.png', 8410196085712),
(85, 'Cereales Golden Puffs', 'Cereals Golden Puffs', 46, '0', '0', 0.00, 'https://myshoppinglist.cat/app/images/20067250.png', 20067250),
(86, 'Cereales de frutas Sin azucares añadidos', 'Cereals de fruites Sense sucres afegits', 51, '0', '0', 4.22, 'https://myshoppinglist.cat/app/images/5010029201246.png', 5010029201246),
(87, 'Minis Choco', 'Minis Choco', 50, '450g', '450g', 2.81, 'https://myshoppinglist.cat/app/images/5010029204735.png', 5010029204735),
(88, 'Copos de Maíz', 'Flocs de Blat de moro', 2, '0', '0', 0.87, 'https://myshoppinglist.cat/app/images/8480000093592.png', 8480000093592),
(89, 'Cereales Miel Pops', 'Cereals Mel Pops', 49, '0', '0', 1.99, 'https://myshoppinglist.cat/app/images/5000127281752.png', 5000127281752),
(90, 'Cereales Chocapic', 'Cereals Chocapic', 0, '0', '0', 2.65, 'https://myshoppinglist.cat/app/images/8410100027463.png', 8410100027463),
(91, 'Cereales Frozen', 'Cereals Frozen', 49, '0', '0', 1.50, 'https://myshoppinglist.cat/app/images/5053827143912.png', 5053827143912),
(92, 'Cereales Trigo con Miel', 'Cereals Blat amb Mel', 45, '500g', '500g', 1.39, 'https://myshoppinglist.cat/app/images/4008713707069.png', 4008713707069),
(93, 'Cereales Chocoflakes', 'Cereals Xoco Flakes', 48, '550g', '550g', 2.48, 'https://myshoppinglist.cat/app/images/8410014396556.png', 8410014396556),
(94, 'Cereales Rellenos de Leche', 'Cereals Farcits de Llet', 47, '500g', '500g', 1.89, 'https://myshoppinglist.cat/app/images/3353154103491.png', 3353154103491),
(95, 'Cereales Muesli Crocante', 'Cereals Muesli Crocant', 46, '0', '0', 0.00, 'https://myshoppinglist.cat/app/images/20201807.png', 20201807),
(96, 'Cereales GoFree de Chocolate sin gluten', 'Cereals GoFree de Xocolata sense gluten', 39, '375g', '375g', 2.80, 'https://myshoppinglist.cat/app/images/5900020027368.png', 5900020027368),
(97, 'Copos de Avena', 'Flocs de Civada', 45, '500g', '500g', 0.89, 'https://myshoppinglist.cat/app/images/4008713756661.png', 4008713756661),
(98, 'Bombones merci', 'Bombons merci', 44, '250g', '250g', 4.54, 'https://myshoppinglist.cat/app/images/4014400900217.png', 4014400900217),
(99, 'Mella Galaretka de chocolate sabor cerezas', 'Mella Galaretka de xocolata gust cireres', 43, '190g', '190g', 0.00, 'https://myshoppinglist.cat/app/images/5900352012292.png', 5900352012292),
(100, 'Café Supreme', 'Café Supreme', 1, '10 Cápsulas', '10 Càpsulas', 0.00, 'https://myshoppinglist.cat/app/images/8413585020400.png', 8413585020400),
(101, 'Café Extra Intenso', 'Café Extra Intens', 1, '10 Cápsulas', '10 Càpsulas', 0.00, 'https://myshoppinglist.cat/app/images/8413585020431.png', 8413585020431),
(102, 'Botella Coca Cola', 'Ampolla Coca Cola', 7, '50cl', '50cl', 0.99, 'https://myshoppinglist.cat/app/images/54491472.png', 54491472),
(103, 'Zumo de Naranja', 'Suc de Taronja', 65, '1 Litro', '1 Litre', 1.97, 'https://myshoppinglist.cat/app/images/4002160092150.png', 4002160092150),
(104, 'Bebida de zumo de manzana', 'Beguda de suc de poma', 66, '700ml', '700ml', 0.00, 'https://myshoppinglist.cat/app/images/8413425123070.png', 8413425123070),
(105, 'ROC Almendras Enteras y Naranja negro', 'ROC Ametlles senceres i Taronja negre', 42, '180g', '180g', 2.95, 'https://myshoppinglist.cat/app/images/7622210778123.png', 7622210778123),
(106, 'Chocolat Délice Chocolate negro con crema', 'Chocolat Délice Xocolata negra amb crema', 40, '0', '0', 0.00, 'https://myshoppinglist.cat/app/images/29039593.png', 29039593),
(107, 'Chocolate negro Ecuador 70%', 'Xocolata negra Equador 70%', 41, '125g', '125g', 0.00, 'https://myshoppinglist.cat/app/images/20095291.png', 20095291),
(108, 'Chocolate Negro Arriba Supérieur 81%', 'Xocolata Negre Arriba Supérieur 81%', 41, '125g', '125g', 0.00, 'https://myshoppinglist.cat/app/images/20229511.png', 20229511),
(109, 'Chocolate Negro Preto 85% Cacao', 'Xocolata Negre Preto 85% Cacau', 40, '125g', '125g', 0.00, 'https://myshoppinglist.cat/app/images/25040371.png', 25040371),
(110, 'AVECREM caldo de Pollo', 'AVECREM sopa de Pollastre', 15, '126g', '126g', 1.85, 'https://myshoppinglist.cat/app/images/8410300353935.png', 8410300353065),
(111, 'Chocolate con Leche Extra Fino', 'Xocolata amb Llet Extra Fi', 39, '125g', '125g', 0.91, 'https://myshoppinglist.cat/app/images/7613035268388.png', 7613035268388),
(112, 'Galletas Chiquilín', 'Galetes Chiquilín', 38, '875g', '875g', 3.98, 'https://myshoppinglist.cat/app/images/8410000000108.png', 8410000000108),
(113, 'Bombones de chocolate, leche y avellanas', 'Bombons de xocolata amb llet', 37, '200g', '200g', 4.00, 'https://myshoppinglist.cat/app/images/8000500003787.png', 8000500003787),
(114, 'Naranjas Confitadas con chocolate', 'Taronges Confitades amb xocolata', 36, '150g', '150g', 0.00, 'https://myshoppinglist.cat/app/images/20433871.png', 20433871),
(117, 'Barquillos Gruesos al Cacao', 'Neules Grans al Cacau', 35, '0', '0', 0.00, 'https://myshoppinglist.cat/app/images/24069908.png', 24069908),
(118, 'Catànies', 'Catànies', 34, '200g', '200g', 6.00, 'https://myshoppinglist.cat/app/images/8437000889311.png', 8437000889311),
(119, 'Catànies Yogulate', 'Catànies Yogulate', 34, '35g', '35g', 1.90, 'https://myshoppinglist.cat/app/images/8437000889564.png', 8437000889564),
(120, 'Catànies Dark Chocolate', 'Catànies Dark Chocolate', 34, '35g', '35g', 1.90, 'https://myshoppinglist.cat/app/images/8437000889540.png', 8437000889540),
(121, 'Catànies Coffe Chocolate', 'Catànies Coffe Chocolate', 34, '35g', '35g', 1.90, 'https://myshoppinglist.cat/app/images/8437000889557.png', 8437000889557),
(122, 'Nutella Crema de Avellanas', 'Nutella', 33, '350g', '350g', 0.00, 'https://myshoppinglist.cat/app/images/80177173.png', 80177173),
(123, 'Aceite de Girasol', 'Oli de Gira-sol', 67, '1 Litro', '1 Litre', 1.15, 'https://myshoppinglist.cat/app/images/8424536938033.png', 8424536938033),
(124, 'Kétchup Original', 'Kétchup Original', 687, '325g', '325g', 1.27, 'https://myshoppinglist.cat/app/images/8410118042397.png', 8410118042397),
(125, 'Kétchup sabor Barbacoa', 'Kétchup gust a Barbacoa', 687, '325g', '325g', 1.32, 'https://myshoppinglist.cat/app/images/8410118042434.png', 8410118042434),
(126, 'Pasta Pistón Mediano', 'Pasta Pistó Mitjà', 68, '500g', '500g', 0.96, 'https://myshoppinglist.cat/app/images/8410069002136.png', 8410069002136),
(127, 'Lata de Fanta de Naranja', 'Llauna de Fanta de Taronja', 69, '33cl', '33cl', 0.49, 'https://myshoppinglist.cat/app/images/5449000011527.png', 5449000011527),
(128, 'Ketchup Ecológico', 'Ketchup Ecológic', 76, '500ml', '500ml', 3.03, 'https://myshoppinglist.cat/app/images/8715700407760.png', 8715700407760),
(129, 'Botella de Fanta de naranja', 'Ampolla de Fanta de Taronja', 69, '500ml', '500ml', 0.90, 'https://myshoppinglist.cat/app/images/40822938.png', 40822938),
(130, 'Freeway Naranjada', 'Freeway Taronjada', 5, '2 Litros', '2 Litres', 0.60, 'https://myshoppinglist.cat/app/images/20944063.png', 20944063),
(131, 'Agua pura del pirineo', 'Aigua pura del pirineu', 77, '50cl', '50cl', 0.48, '8413384040005.png', 8413384040005),
(132, 'Pan de molde blanco familiar', 'Pa de motlle blanc', 78, '820g', '820g', 1.24, '20577704.png', 20577704),
(133, 'Yatekomo Pollo Fideos Orientales', 'Yatekomo Pollastre Fideus Orientals', 15, '60g', '60g', 0.95, '8410300349952.png', 8410300349952),
(134, 'Patatas onduladas de jamón', 'Patates ondulades de pernil', 79, '170g', '170g', 0.89, '20288891.png', 20288891),
(135, 'Patatas Jumpers de maíz', 'Patates Jumpers de blat de moro', 80, '42g', '42g', 0.50, '8422283940071.png', 8422283940071),
(136, '', '', 1, '1 Litro', '1 Litre', 0.99, 'https://myshoppinglist.cat/app/images/.png', 55),
(137, 'Jabón de lavavajillas manzana', 'Sabó de rentavaixelles poma', 23, '500ml', '500ml', 0.00, 'https://myshoppinglist.cat/app/images/8480013541134.png', 8480013541134),
(146, 'Café Extra Intenso en cápsulas', 'Cafè Extra Intens en càpsules', 23, '10 Cápsulas', '10 Capsules', 0.00, 'https://myshoppinglist.cat/app/images/8480013135036.png', 8480013135036),
(147, 'Patatas pimienta negra', 'Patates pebre negre', 36, '125g', '125g', 0.00, 'https://myshoppinglist.cat/app/images/20496227.png', 20496227),
(148, 'Botella de Agua Viladrau', 'Ampolla de Aigua Viladrau', 21, '1,5 Litros', '1,5 Llitres', 0.47, 'https://myshoppinglist.cat/app/images/8411002101305.png', 8411002101305),
(149, 'Café Intenso Natural en cápsulas', 'Cafè Intens Natural en càpsules', 23, '10 Cápsulas', '10 Capsules', 0.00, 'https://myshoppinglist.cat/app/images/8480013135012.png', 8480013135012),
(150, 'Ciclamato y Sacarina en pastillas', 'Sacarina en pastilles', 2, '52g', '52g', 0.00, 'https://myshoppinglist.cat/app/images/8480000198020.png', 8480000198020),
(151, 'Patatas Surf Chips Originales', 'Patates Surf Chips Originals', 1002, '160g', '160g', 0.00, 'https://myshoppinglist.cat/app/images/8436546052456.png', 8436546052456),
(152, 'Productr', '', 1005, '350ml', '', 0.00, 'https://myshoppinglist.cat/app/images/8714789765600.png', 8714789765600);

-- --------------------------------------------------------

--
-- Estructura de tabla para la tabla `productsnone`
--

CREATE TABLE IF NOT EXISTS `productsnone` (
  `id_productsnone` int(255) NOT NULL AUTO_INCREMENT,
  `barcodepn` bigint(255) NOT NULL,
  `datascan` varchar(20) COLLATE utf8_unicode_ci NOT NULL,
  UNIQUE KEY `id_productsnone` (`id_productsnone`),
  KEY `id_productsnone_2` (`id_productsnone`)
) ENGINE=InnoDB  DEFAULT CHARSET=utf8 COLLATE=utf8_unicode_ci AUTO_INCREMENT=317 ;

--
-- Volcado de datos para la tabla `productsnone`
--

INSERT INTO `productsnone` (`id_productsnone`, `barcodepn`, `datascan`) VALUES
(1, 0, ''),
(2, 123, ''),
(3, 5053990127726, ''),
(4, 5053990113699, ''),
(5, 5053990113637, ''),
(6, 5053990127740, ''),
(7, 5053990110889, ''),
(8, 8413080133834, ''),
(9, 8410793026132, ''),
(10, 8410793036131, ''),
(11, 8410793156136, ''),
(12, 8412598000010, ''),
(13, 5449000131805, ''),
(14, 5449000169327, ''),
(15, 8480000145208, ''),
(16, 8410100013756, ''),
(17, 8410000816464, ''),
(18, 8413384222005, ''),
(19, 8422410171309, ''),
(20, 5449000131843, ''),
(21, 5449000009067, ''),
(22, 8411547001085, ''),
(23, 8410793021649, ''),
(24, 8414100345046, ''),
(25, 7622210114648, ''),
(26, 8001405089876, ''),
(27, 8422199030552, ''),
(28, 8410014141200, ''),
(29, 8410014364203, ''),
(30, 8410000825220, ''),
(31, 7622210013224, ''),
(32, 8412522000314, ''),
(33, 8413800016805, ''),
(34, 8425772005046, ''),
(35, 8424259802031, ''),
(36, 8410000809831, ''),
(37, 8410300349020, ''),
(38, 8412700111306, ''),
(39, 7613033481314, ''),
(40, 5449000059413, ''),
(41, 5449000059413, ''),
(42, 5449000015846, ''),
(43, 8410486078042, ''),
(44, 8410128000400, ''),
(45, 196099044732, '07-03-18 13:37'),
(46, 13821119, '07-03-18 13:39'),
(47, 5449000033819, '07-03-18 13:56'),
(48, 8413334015213, '07-03-18 13:56'),
(49, 5449000033819, '07-03-18 13:59'),
(50, 3243768006533, '07-03-18 14:26'),
(51, 8436026538166, '07-03-18 14:26'),
(52, 8436026538265, '07-03-18 14:27'),
(53, 8436026539569, '07-03-18 14:27'),
(54, 8436026538104, '07-03-18 14:27'),
(55, 2902216002954, '07-03-18 14:27'),
(56, 8437005015036, '07-03-18 14:27'),
(57, 8410406311006, '07-03-18 14:27'),
(58, 8410199012432, '07-03-18 14:29'),
(59, 7501540, '07-03-18 14:29'),
(60, 8426967050162, '07-03-18 14:30'),
(61, 8426967027850, '07-03-18 14:30'),
(62, 3560070742028, '07-03-18 14:30'),
(63, 8410707110452, '07-03-18 14:30'),
(64, 8410707184453, '07-03-18 14:30'),
(65, 14107078, '07-03-18 14:30'),
(66, 3560070741960, '07-03-18 14:31'),
(67, 8410707004584000200, '07-03-18 14:31'),
(68, 8410707004614000200, '07-03-18 14:31'),
(69, 8410707004607000200, '07-03-18 14:31'),
(70, 8410707004621000200, '07-03-18 14:31'),
(71, 3560070879113, '07-03-18 14:31'),
(72, 3560070748273, '07-03-18 14:31'),
(73, 3560070748303, '07-03-18 14:31'),
(74, 3560070892105, '07-03-18 14:32'),
(75, 3560070879144, '07-03-18 14:32'),
(76, 3560070892198, '07-03-18 14:32'),
(77, 8410261240107000105, '07-03-18 14:32'),
(78, 8410261380100000105, '07-03-18 14:32'),
(79, 8410261210100000105, '07-03-18 14:32'),
(80, 8435425103340, '07-03-18 14:32'),
(81, 8410707001262000108, '07-03-18 14:32'),
(82, 8410707003693000114, '07-03-18 14:32'),
(83, 8410707001286000108, '07-03-18 14:32'),
(84, 3560070748334, '07-03-18 14:32'),
(85, 3560070748365, '07-03-18 14:32'),
(86, 8431707113977, '07-03-18 14:32'),
(87, 8431707113984, '07-03-18 14:33'),
(88, 4002160092853, '07-03-18 14:33'),
(89, 4002160092778000194, '07-03-18 14:33'),
(90, 8431707046411000189, '07-03-18 14:33'),
(91, 4002160093065000194, '07-03-18 14:33'),
(92, 4002160092273, '07-03-18 14:33'),
(93, 8431707039895, '07-03-18 14:33'),
(94, 8431707000673000270, '07-03-18 14:33'),
(95, 8431707000680, '07-03-18 14:33'),
(96, 8431707000703, '07-03-18 14:33'),
(97, 8431707000697, '07-03-18 14:33'),
(98, 5422074, '07-03-18 14:33'),
(99, 8410707004225000199, '07-03-18 14:33'),
(100, 8410707004249000199, '07-03-18 14:34'),
(101, 20944063, '07-03-18 14:34'),
(102, 3560070748426, '07-03-18 14:34'),
(103, 15600703, '07-03-18 14:34'),
(104, 8410707002528, '07-03-18 14:34'),
(105, 8410707127450, '07-03-18 14:34'),
(106, 8410707121458, '07-03-18 14:34'),
(107, 8410707133451, '07-03-18 14:34'),
(108, 3560070892136, '07-03-18 14:34'),
(109, 3560070880911, '07-03-18 14:34'),
(110, 3560070892167, '07-03-18 14:34'),
(111, 8410261604619, '07-03-18 14:34'),
(112, 8410261602615, '07-03-18 14:34'),
(113, 8410261601618, '07-03-18 14:35'),
(114, 8410261603612, '07-03-18 14:35'),
(115, 8480000210739, '07-03-18 14:36'),
(116, 8431092030484, '07-03-18 14:39'),
(117, 8431092020607, '07-03-18 14:39'),
(118, 8431092020607, '07-03-18 14:39'),
(119, 8436574901085, '07-03-18 14:40'),
(120, 8413664611598, '07-03-18 14:40'),
(121, 8413664611390, '07-03-18 14:40'),
(122, 9020136, '07-03-18 14:40'),
(123, 8413664611390, '07-03-18 14:40'),
(124, 8413664611390, '07-03-18 14:40'),
(125, 8422424700175, '07-03-18 14:40'),
(126, 8422424700052, '07-03-18 14:40'),
(127, 8422424700069, '07-03-18 14:40'),
(128, 8422424700106000200, '07-03-18 14:40'),
(129, 8436038053442, '07-03-18 14:41'),
(130, 8436038053138, '07-03-18 14:41'),
(131, 8436038053442, '07-03-18 14:41'),
(132, 8436038053152, '07-03-18 14:41'),
(133, 8436038053152, '07-03-18 14:41'),
(134, 112888, '07-03-18 14:41'),
(135, 8411322233229, '07-03-18 14:41'),
(136, 42195245, '07-03-18 14:41'),
(137, 50297627, '07-03-18 14:42'),
(138, 8411322237845, '07-03-18 14:42'),
(139, 8411322237852, '07-03-18 14:42'),
(140, 3560070666577, '07-03-18 14:42'),
(141, 3560070665617, '07-03-18 14:42'),
(142, 8410014929983, '07-03-18 14:42'),
(143, 3574660395341, '07-03-18 14:42'),
(144, 3574660395389, '07-03-18 14:42'),
(145, 59050520, '07-03-18 14:42'),
(146, 8411126043345, '07-03-18 14:42'),
(147, 8411322230662, '07-03-18 14:42'),
(148, 8712561790017, '07-03-18 14:42'),
(149, 8411300746000, '07-03-18 14:42'),
(150, 3574660395150, '07-03-18 14:43'),
(151, 8411135263055, '07-03-18 14:43'),
(152, 3560070687589, '07-03-18 14:43'),
(153, 8002410032819, '07-03-18 14:43'),
(154, 8411061716373, '07-03-18 14:43'),
(155, 3574660395389, '07-03-18 14:43'),
(156, 8410412506984, '07-03-18 14:43'),
(157, 8410412506991, '07-03-18 14:43'),
(158, 3560071110727000157, '07-03-18 14:43'),
(159, 3560070859009000118, '07-03-18 14:43'),
(160, 8410262902264, '07-03-18 14:43'),
(161, 8410262902288, '07-03-18 14:43'),
(162, 8410262902271, '07-03-18 14:43'),
(163, 8714789698953000151, '07-03-18 14:43'),
(164, 8714789698922000151, '07-03-18 14:43'),
(165, 4005900223968, '07-03-18 14:43'),
(166, 4005808133017, '07-03-18 14:43'),
(167, 8410020647529, '07-03-18 14:44'),
(168, 8410225519638, '07-03-18 14:44'),
(169, 3574661389615000185, '07-03-18 14:44'),
(170, 3574661389608, '07-03-18 14:44'),
(171, 8000700000012, '07-03-18 14:44'),
(172, 8710908472312, '07-03-18 14:44'),
(173, 4000388177000, '07-03-18 14:44'),
(174, 3600540582775, '07-03-18 14:44'),
(175, 3600541897809, '07-03-18 14:44'),
(176, 3600540582768, '07-03-18 14:44'),
(177, 3600541193161, '07-03-18 14:44'),
(178, 3600540581655, '07-03-18 14:44'),
(179, 3560070887828, '07-03-18 14:44'),
(180, 3560070887798, '07-03-18 14:44'),
(181, 3600520921112, '07-03-18 14:45'),
(182, 8411300064296, '07-03-18 14:45'),
(183, 8412598000010, '07-03-18 14:45'),
(184, 8411322236671, '07-03-18 14:45'),
(185, 76293511, '07-03-18 14:45'),
(186, 8411322236688, '07-03-18 14:45'),
(187, 3600523230761, '07-03-18 14:45'),
(188, 8410436110211, '07-03-18 14:45'),
(189, 8012666011827, '07-03-18 14:46'),
(190, 8712566298334, '07-03-18 14:47'),
(191, 8480000206275, '07-03-18 14:49'),
(192, 20041847, '07-03-18 14:51'),
(193, 8410037000027, '07-03-18 14:52'),
(194, 8413800012500, '07-03-18 14:53'),
(195, 8480000510365, '07-03-18 14:54'),
(196, 8410664201248, '07-03-18 14:54'),
(197, 8271764371176, '07-03-18 15:13'),
(198, 8410490266435, '07-03-18 15:14'),
(199, 8710552364438, '07-03-18 15:14'),
(200, 8434165482845, '07-03-18 15:14'),
(201, 8480000145895, '07-03-18 15:14'),
(202, 8410100027463, '07-03-18 15:15'),
(203, 8414771860732, '07-03-18 15:15'),
(204, 20032456, '07-03-18 15:15'),
(205, 8715800002162, '07-03-18 15:15'),
(206, 8480000106483, '07-03-18 15:16'),
(207, 20581077, '07-03-18 15:16'),
(208, 8480000109293, '07-03-18 15:16'),
(209, 5449000017376, '07-03-18 15:16'),
(210, 20299361, '07-03-18 15:16'),
(211, 20798086, '07-03-18 15:16'),
(212, 8416000501294, '07-03-18 20:45'),
(213, 8416000501294, '07-03-18 20:45'),
(214, 0, '08-03-18 19:20'),
(215, 8424248915414, '09-03-18 00:43'),
(216, 8714789765600, '10-03-18 01:45'),
(217, 3034450001123, '11-03-18 15:48'),
(218, 8480000173270, '11-03-18 15:49'),
(219, 40608006, '11-03-18 21:45'),
(220, 8421860101317, '12-03-18 15:24'),
(221, 8410066000067, '12-03-18 15:25'),
(222, 8715700407760, '12-03-18 15:25'),
(223, 7622300204457, '12-03-18 15:28'),
(224, 8410569005651, '12-03-18 15:28'),
(225, 3596710307555, '12-03-18 15:29'),
(226, 8421860101843, '12-03-18 15:29'),
(227, 8480000206404, '12-03-18 15:31'),
(228, 8410714102129, '12-03-18 15:31'),
(229, 8410297033100, '12-03-18 15:32'),
(230, 8480000492227, '12-03-18 15:33'),
(231, 20589929, '12-03-18 15:33'),
(232, 8412381150021, '12-03-18 15:33'),
(233, 8410069019639, '12-03-18 15:34'),
(234, 8431876215397, '12-03-18 15:34'),
(235, 8411476070015, '12-03-18 15:35'),
(236, 8480000823526, '12-03-18 15:35'),
(237, 8421251918432, '12-03-18 15:37'),
(238, 8410408050248, '12-03-18 15:38'),
(239, 8410111211202, '12-03-18 15:39'),
(240, 0, '12-03-18 15:39'),
(241, 8410199011534, '12-03-18 15:40'),
(242, 8410199380111, '12-03-18 15:40'),
(243, 8410199012555, '12-03-18 15:40'),
(244, 8410436287777, '12-03-18 15:42'),
(245, 8413585018537, '14-03-18 09:31'),
(246, 8413585018537, '14-03-18 09:33'),
(247, 8413585018537, '14-03-18 09:33'),
(248, 8413585018537, '14-03-18 09:33'),
(249, 19171753, '14-03-18 09:34'),
(250, 8431876104202, '14-03-18 09:35'),
(251, 8431876104202, '14-03-18 09:35'),
(252, 8431876104202, '14-03-18 09:35'),
(253, 8431876104202, '14-03-18 09:35'),
(254, 8431876104202, '14-03-18 09:36'),
(255, 8431876104202, '14-03-18 09:36'),
(256, 3560070683581, '14-03-18 09:37'),
(257, 8413585023012, '14-03-18 09:38'),
(258, 8413585023012, '14-03-18 09:38'),
(259, 8480024649232, '14-03-18 10:17'),
(260, 8480024649232, '14-03-18 10:17'),
(261, 8414807512994, '15-03-18 10:06'),
(262, 8414807512994, '15-03-18 10:06'),
(263, 40822938, '17-03-18 22:42'),
(264, 20944063, '17-03-18 23:35'),
(265, 5060335632272, '20-03-18 11:58'),
(266, 8422410170678, '20-03-18 11:58'),
(267, 43532, '21-03-18 09:52'),
(268, 43532, '21-03-18 09:53'),
(269, 43532, '21-03-18 09:54'),
(270, 43532, '21-03-18 09:54'),
(271, 43532, '21-03-18 09:55'),
(272, 43532, '21-03-18 09:56'),
(273, 43532, '21-03-18 09:57'),
(274, 43532, '21-03-18 09:59'),
(275, 43532, '21-03-18 10:00'),
(276, 43532, '21-03-18 10:02'),
(277, 43532, '21-03-18 10:04'),
(278, 43532, '21-03-18 10:05'),
(279, 8714789765600, '21-03-18 15:52'),
(280, 5901234123457, '21-03-18 18:36'),
(281, 5901234123457, '21-03-18 18:37'),
(282, 543453, '21-03-18 22:26'),
(283, 543453, '21-03-18 22:29'),
(284, 543453, '21-03-18 22:29'),
(285, 84135850157458, '21-03-18 22:38'),
(286, 8714789765600, '22-03-18 00:36'),
(287, 8714789765600, '22-03-18 00:36'),
(288, 8714789765600, '22-03-18 00:36'),
(289, 8714789765600, '22-03-18 01:20'),
(290, 5012345678900, '22-03-18 11:02'),
(291, 5012345678900, '22-03-18 11:02'),
(292, 5012345678900, '22-03-18 11:02'),
(293, 5012345678900, '22-03-18 11:03'),
(294, 9724884, '22-03-18 14:46'),
(295, 5901234123457, '22-03-18 14:49'),
(296, 5901234123457, '22-03-18 14:49'),
(297, 5901234123457, '22-03-18 14:49'),
(298, 8412771117764, '22-03-18 14:57'),
(299, 705632085943, '22-03-18 22:39'),
(300, 791234567901, '22-03-18 22:39'),
(301, 8420826100067, '26-03-18 12:40'),
(302, 5901234123457, '10-04-18 12:38'),
(303, 4005900198280, '10-04-18 12:38'),
(304, 93031827811863, '10-04-18 12:41'),
(305, 4064, '13-04-18 09:36'),
(306, 7622210449283, '16-04-18 04:13'),
(307, 7622210449283, '16-04-18 04:13'),
(308, 7622210449283, '16-04-18 04:13'),
(309, 7622210449283, '16-04-18 04:13'),
(310, 8714789765600, '23-04-18 21:34'),
(311, 8714789765600, '24-04-18 16:31'),
(312, 40608006, '28-04-18 21:24'),
(313, 1531, '30-04-18 13:53'),
(314, 20361143, '01-05-18 12:44'),
(315, 20361143, '01-05-18 12:44'),
(316, 5449000006004, '01-05-18 12:45');

-- --------------------------------------------------------

--
-- Estructura de tabla para la tabla `users`
--

CREATE TABLE IF NOT EXISTS `users` (
  `id_user` int(100) NOT NULL AUTO_INCREMENT,
  `name` text COLLATE utf8_unicode_ci NOT NULL,
  `surname` text COLLATE utf8_unicode_ci NOT NULL,
  `email` varchar(40) COLLATE utf8_unicode_ci NOT NULL,
  `password` varchar(50) COLLATE utf8_unicode_ci NOT NULL,
  `perm` int(1) NOT NULL,
  `rank` int(1) NOT NULL,
  `pwd_rec` varchar(6) COLLATE utf8_unicode_ci NOT NULL,
  `last_change` varchar(20) COLLATE utf8_unicode_ci NOT NULL,
  `cp` int(15) NOT NULL,
  `date` varchar(20) COLLATE utf8_unicode_ci NOT NULL,
  `ip_address` varchar(12) COLLATE utf8_unicode_ci NOT NULL,
  `last_ip` varchar(12) COLLATE utf8_unicode_ci NOT NULL,
  `last_login` varchar(20) COLLATE utf8_unicode_ci NOT NULL,
  PRIMARY KEY (`id_user`),
  UNIQUE KEY `id_user` (`id_user`),
  UNIQUE KEY `email` (`email`)
) ENGINE=InnoDB  DEFAULT CHARSET=utf8 COLLATE=utf8_unicode_ci AUTO_INCREMENT=41 ;

--
-- Volcado de datos para la tabla `users`
--

INSERT INTO `users` (`id_user`, `name`, `surname`, `email`, `password`, `perm`, `rank`, `pwd_rec`, `last_change`, `cp`, `date`, `ip_address`, `last_ip`, `last_login`) VALUES
(1, 'Pedro', 'Miguel Hernandez', 'admin@admin.com', 'e10adc3949ba59abbe56e057f20f883e', 1, 1, 'WRCJTW', '24-04-18 16:30', 22006, '2018-01-07', '', '85.62.123.11', '24-09-18 15:13');

/*!40101 SET CHARACTER_SET_CLIENT=@OLD_CHARACTER_SET_CLIENT */;
/*!40101 SET CHARACTER_SET_RESULTS=@OLD_CHARACTER_SET_RESULTS */;
/*!40101 SET COLLATION_CONNECTION=@OLD_COLLATION_CONNECTION */;
